<?xml version="1.0" encoding="UTF-8"?>
<!DOCTYPE mapper PUBLIC "-//mybatis.org//DTD Mapper 3.0//EN" "http://mybatis.org/dtd/mybatis-3-mapper.dtd">
<mapper namespace="com.insurance.demo.dao.CasesDao">

    <resultMap type="com.insurance.demo.entity.Cases" id="CasesMap">
        <result property="id" column="id" jdbcType="INTEGER"/>
        <result property="userId" column="user_id" jdbcType="INTEGER"/>
        <result property="insId" column="ins_id" jdbcType="INTEGER"/>
        <result property="markId" column="mark_id" jdbcType="INTEGER"/>
        <result property="accidentTime" column="accident_time" jdbcType="VARCHAR"/>
        <result property="accidentAreaid" column="accident_areaid" jdbcType="VARCHAR"/>
        <result property="userName" column="user_name" jdbcType="VARCHAR"/>
        <result property="userPhone" column="user_phone" jdbcType="VARCHAR"/>
        <result property="carType" column="car_type" jdbcType="VARCHAR"/>
        <result property="details" column="details" jdbcType="VARCHAR"/>
        <result property="type" column="type" jdbcType="INTEGER"/>
        <result property="cause" column="cause" jdbcType="VARCHAR"/>
        <result property="reviewId" column="review_id" jdbcType="INTEGER"/>
        <result property="reviewName" column="review_name" jdbcType="VARCHAR"/>
        <result property="committee" column="committee" jdbcType="INTEGER"/>
        <result property="occurTime" column="occur_time" jdbcType="TIMESTAMP"/>
    </resultMap>

    <!--查询单个-->
    <select id="queryById" resultMap="CasesMap">
        select
          id, user_id, ins_id, mark_id, accident_time, accident_areaid, user_name, user_phone, car_type, details, type, cause, review_id, review_name, committee, occur_time
        from insurance.cases
        where id = #{id}
    </select>

    <!--查询指定行数据-->
    <select id="queryAllByLimit" resultMap="CasesMap">
        select
          id, user_id, ins_id, mark_id, accident_time, accident_areaid, user_name, user_phone, car_type, details, type, cause, review_id, review_name, committee, occur_time
        from insurance.cases
        limit #{offset}, #{limit}
    </select>
    <!--查询指定行数据-->
    <select id="queryAllByLimit1" resultMap="CasesMap">
        select
          id, user_id, ins_id, mark_id, accident_time, accident_areaid, user_name, user_phone, car_type, details, type, cause, review_id, review_name, committee, occur_time
        from insurance.cases
        where type = 1
        limit #{offset}, #{limit}
    </select>
    <!--查询指定行数据-->
    <select id="queryAllByLimit3" resultMap="CasesMap">
        select
          id, user_id, ins_id, mark_id, accident_time, accident_areaid, user_name, user_phone, car_type, details, type, cause, review_id, review_name, committee, occur_time
        from insurance.cases
        where type = 3 and review_id = #{reviewID}
        limit #{offset}, #{limit}
    </select>
    <!--查询指定行数据-->
    <select id="queryAllByLimit4" resultMap="CasesMap">
        select
          id, user_id, ins_id, mark_id, accident_time, accident_areaid, user_name, user_phone, car_type, details, type, cause, review_id, review_name, committee, occur_time
        from insurance.cases
        where type = 4 and committee = #{committee}
        limit #{offset}, #{limit}
    </select>
    <!--查询指定行数据-->
    <select id="queryAllByLimit6" resultMap="CasesMap">
        select
          id, user_id, ins_id, mark_id, accident_time, accident_areaid, user_name, user_phone, car_type, details, type, cause, review_id, review_name, committee, occur_time
        from insurance.cases
        where type = 6 and committee = #{committee}
        limit #{offset}, #{limit}
    </select>

    <!--通过实体作为筛选条件查询-->
    <select id="queryAll" resultMap="CasesMap">
        select
          id, user_id, ins_id, mark_id, accident_time, accident_areaid, user_name, user_phone, car_type, details, type, cause, review_id, review_name, committee, occur_time
        from insurance.cases
        <where>
            <if test="id != null">
                and id = #{id}
            </if>
            <if test="userId != null">
                and user_id = #{userId}
            </if>
            <if test="insId != null">
                and ins_id = #{insId}
            </if>
            <if test="markId != null">
                and mark_id = #{markId}
            </if>
            <if test="accidentTime != null and accidentTime != ''">
                and accident_time = #{accidentTime}
            </if>
            <if test="accidentAreaid != null and accidentAreaid != ''">
                and accident_areaid = #{accidentAreaid}
            </if>
            <if test="userName != null and userName != ''">
                and user_name = #{userName}
            </if>
            <if test="userPhone != null and userPhone != ''">
                and user_phone = #{userPhone}
            </if>
            <if test="carType != null and carType != ''">
                and car_type = #{carType}
            </if>
            <if test="details != null and details != ''">
                and details = #{details}
            </if>
            <if test="type != null">
                and type = #{type}
            </if>
            <if test="cause != null and cause != ''">
                and cause = #{cause}
            </if>
            <if test="reviewId != null">
                and review_id = #{reviewId}
            </if>
            <if test="reviewName != null and reviewName != ''">
                and review_name = #{reviewName}
            </if>
            <if test="committee != null">
                and committee = #{committee}
            </if>
            <if test="occurTime != null">
                and occur_time = #{occurTime}
            </if>
        </where>
    </select>

    <!--新增所有列-->
    <insert id="insert" keyProperty="id" useGeneratedKeys="true">
        insert into insurance.cases(user_id, ins_id, mark_id, accident_time, accident_areaid, user_name, user_phone, car_type, details, type, cause, review_id, review_name, committee, occur_time)
        values (#{userId}, #{insId}, #{markId}, #{accidentTime}, #{accidentAreaid}, #{userName}, #{userPhone}, #{carType}, #{details}, #{type}, #{cause}, #{reviewId}, #{reviewName}, #{committee}, #{occurTime})
    </insert>

    <!--通过主键修改数据-->
    <update id="update">
        update insurance.cases
        <set>
            <if test="userId != null">
                user_id = #{userId},
            </if>
            <if test="insId != null">
                ins_id = #{insId},
            </if>
            <if test="markId != null">
                mark_id = #{markId},
            </if>
            <if test="accidentTime != null and accidentTime != ''">
                accident_time = #{accidentTime},
            </if>
            <if test="accidentAreaid != null and accidentAreaid != ''">
                accident_areaid = #{accidentAreaid},
            </if>
            <if test="userName != null and userName != ''">
                user_name = #{userName},
            </if>
            <if test="userPhone != null and userPhone != ''">
                user_phone = #{userPhone},
            </if>
            <if test="carType != null and carType != ''">
                car_type = #{carType},
            </if>
            <if test="details != null and details != ''">
                details = #{details},
            </if>
            <if test="type != null">
                type = #{type},
            </if>
            <if test="cause != null and cause != ''">
                cause = #{cause},
            </if>
            <if test="reviewId != null">
                review_id = #{reviewId},
            </if>
            <if test="reviewName != null and reviewName != ''">
                review_name = #{reviewName},
            </if>
            <if test="committee != null">
                committee = #{committee},
            </if>
            <if test="occurTime != null">
                occur_time = #{occurTime},
            </if>
        </set>
        where id = #{id}
    </update>

    <!--通过主键删除-->
    <delete id="deleteById">
        delete from insurance.cases where id = #{id}
    </delete>

</mapper>