<?xml version="1.0" encoding="UTF-8"?>
<!DOCTYPE mapper PUBLIC "-//mybatis.org//DTD Mapper 3.0//EN" "http://mybatis.org/dtd/mybatis-3-mapper.dtd">
<mapper namespace="com.insurance.demo.dao.InsurancepolicyDao">

    <resultMap type="com.insurance.demo.entity.Insurancepolicy" id="InsurancepolicyMap">
        <result property="id" column="id" jdbcType="INTEGER"/>
        <result property="userId" column="user_id" jdbcType="INTEGER"/>
        <result property="insuredTime" column="insured_time" jdbcType="VARCHAR"/>
        <result property="beginTime" column="begin_time" jdbcType="VARCHAR"/>
        <result property="endTime" column="end_time" jdbcType="VARCHAR"/>
        <result property="channel" column="channel" jdbcType="VARCHAR"/>
        <result property="salesId" column="Sales_id" jdbcType="VARCHAR"/>
        <result property="dispute" column="dispute" jdbcType="VARCHAR"/>
        <result property="type" column="type" jdbcType="VARCHAR"/>
        <result property="premium" column="premium" jdbcType="VARCHAR"/>
        <result property="reserve" column="reserve" jdbcType="VARCHAR"/>
    </resultMap>

    <!--查询单个-->
    <select id="queryById" resultMap="InsurancepolicyMap">
        select
          id, user_id, insured_time, begin_time, end_time, channel, Sales_id, dispute, type, premium, reserve
        from insurance.insurancepolicy
        where id = #{id}
    </select>

    <!--查询指定行数据-->
    <select id="queryAllByLimit" resultMap="InsurancepolicyMap">
        select
          id, user_id, insured_time, begin_time, end_time, channel, Sales_id, dispute, type, premium, reserve
        from insurance.insurancepolicy
         <where>
         	<if test="type != null and type != ''">
                and type = #{type}
            </if>
         </where>
        limit #{offset}, #{limit}
    </select>

    <!--通过实体作为筛选条件查询-->
    <select id="queryAll" resultMap="InsurancepolicyMap">
        select
          id, user_id, insured_time, begin_time, end_time, channel, Sales_id, dispute, type, premium, reserve
        from insurance.insurancepolicy
        <where>
            <if test="id != null">
                and id = #{id}
            </if>
            <if test="userId != null">
                and user_id = #{userId}
            </if>
            <if test="insuredTime != null and insuredTime != ''">
                and insured_time = #{insuredTime}
            </if>
            <if test="beginTime != null and beginTime != ''">
                and begin_time = #{beginTime}
            </if>
            <if test="endTime != null and endTime != ''">
                and end_time = #{endTime}
            </if>
            <if test="channel != null and channel != ''">
                and channel = #{channel}
            </if>
            <if test="salesId != null and salesId != ''">
                and Sales_id = #{salesId}
            </if>
            <if test="dispute != null and dispute != ''">
                and dispute = #{dispute}
            </if>
            <if test="type != null and type != ''">
                and type = #{type}
            </if>
            <if test="premium != null and premium != ''">
                and premium = #{premium}
            </if>
            <if test="reserve != null and reserve != ''">
                and reserve = #{reserve}
            </if>
        </where>
    </select>

    <!--新增所有列-->
    <insert id="insert" keyProperty="id" useGeneratedKeys="true">
        insert into insurance.insurancepolicy(user_id, insured_time, begin_time, end_time, channel, Sales_id, dispute, type, premium, reserve)
        values (#{userId}, #{insuredTime}, #{beginTime}, #{endTime}, #{channel}, #{salesId}, #{dispute}, #{type}, #{premium}, #{reserve})
    </insert>

    <!--通过主键修改数据-->
    <update id="update">
        update insurance.insurancepolicy
        <set>
            <if test="userId != null">
                user_id = #{userId},
            </if>
            <if test="insuredTime != null and insuredTime != ''">
                insured_time = #{insuredTime},
            </if>
            <if test="beginTime != null and beginTime != ''">
                begin_time = #{beginTime},
            </if>
            <if test="endTime != null and endTime != ''">
                end_time = #{endTime},
            </if>
            <if test="channel != null and channel != ''">
                channel = #{channel},
            </if>
            <if test="salesId != null and salesId != ''">
                Sales_id = #{salesId},
            </if>
            <if test="dispute != null and dispute != ''">
                dispute = #{dispute},
            </if>
            <if test="type != null and type != ''">
                type = #{type},
            </if>
            <if test="premium != null and premium != ''">
                premium = #{premium},
            </if>
            <if test="reserve != null and reserve != ''">
                reserve = #{reserve},
            </if>
        </set>
        where id = #{id}
    </update>

    <!--通过主键删除-->
    <delete id="deleteById">
        delete from insurance.insurancepolicy where id = #{id}
    </delete>

</mapper>