<?xml version="1.0" encoding="UTF-8"?>
<!DOCTYPE mapper PUBLIC "-//mybatis.org//DTD Mapper 3.0//EN" "http://mybatis.org/dtd/mybatis-3-mapper.dtd">
<mapper namespace="com.insurance.demo.dao.MarkDao">

    <resultMap type="com.insurance.demo.entity.Mark" id="MarkMap">
        <result property="id" column="id" jdbcType="INTEGER"/>
        <result property="insuranceId" column="insurance_id" jdbcType="INTEGER"/>
        <result property="userId" column="user_id" jdbcType="INTEGER"/>
        <result property="carHost" column="car_host" jdbcType="VARCHAR"/>
        <result property="relationship" column="relationship" jdbcType="VARCHAR"/>
        <result property="carNumber" column="car_number" jdbcType="VARCHAR"/>
        <result property="carEngine" column="car_engine" jdbcType="VARCHAR"/>
        <result property="carFrame" column="car_frame" jdbcType="VARCHAR"/>
        <result property="carModel" column="car_model" jdbcType="VARCHAR"/>
        <result property="carSeat" column="car_seat" jdbcType="VARCHAR"/>
        <result property="carDisplacement" column="car_displacement" jdbcType="VARCHAR"/>
        <result property="carPower" column="car_power" jdbcType="VARCHAR"/>
        <result property="carFleet" column="car_Fleet" jdbcType="INTEGER"/>
        <result property="nature" column="nature" jdbcType="VARCHAR"/>
        <result property="carPrice" column="car_price" jdbcType="NUMERIC"/>
    </resultMap>

    <!--查询单个-->
    <select id="queryById" resultMap="MarkMap">
        select
          id, insurance_id, user_id, car_host, relationship, car_number, car_engine, car_frame, car_model, car_seat, car_displacement, car_power, car_Fleet, nature, car_price
        from insurance.mark
        where id = #{id}
    </select>

    <!--查询指定行数据-->
    <select id="queryAllByLimit" resultMap="MarkMap">
        select
          id, insurance_id, user_id, car_host, relationship, car_number, car_engine, car_frame, car_model, car_seat, car_displacement, car_power, car_Fleet, nature, car_price
        from insurance.mark
        limit #{offset}, #{limit}
    </select>

    <!--通过实体作为筛选条件查询-->
    <select id="queryAll" resultMap="MarkMap">
        select
          id, insurance_id, user_id, car_host, relationship, car_number, car_engine, car_frame, car_model, car_seat, car_displacement, car_power, car_Fleet, nature, car_price
        from insurance.mark
        <where>
            <if test="id != null">
                and id = #{id}
            </if>
            <if test="insuranceId != null">
                and insurance_id = #{insuranceId}
            </if>
            <if test="userId != null">
                and user_id = #{userId}
            </if>
            <if test="carHost != null and carHost != ''">
                and car_host = #{carHost}
            </if>
            <if test="relationship != null and relationship != ''">
                and relationship = #{relationship}
            </if>
            <if test="carNumber != null and carNumber != ''">
                and car_number = #{carNumber}
            </if>
            <if test="carEngine != null and carEngine != ''">
                and car_engine = #{carEngine}
            </if>
            <if test="carFrame != null and carFrame != ''">
                and car_frame = #{carFrame}
            </if>
            <if test="carModel != null and carModel != ''">
                and car_model = #{carModel}
            </if>
            <if test="carSeat != null and carSeat != ''">
                and car_seat = #{carSeat}
            </if>
            <if test="carDisplacement != null and carDisplacement != ''">
                and car_displacement = #{carDisplacement}
            </if>
            <if test="carPower != null and carPower != ''">
                and car_power = #{carPower}
            </if>
            <if test="carFleet != null">
                and car_Fleet = #{carFleet}
            </if>
            <if test="nature != null and nature != ''">
                and nature = #{nature}
            </if>
            <if test="carPrice != null">
                and car_price = #{carPrice}
            </if>
        </where>
    </select>

    <!--新增所有列-->
    <insert id="insert" keyProperty="id" useGeneratedKeys="true">
        insert into insurance.mark(insurance_id, user_id, car_host, relationship, car_number, car_engine, car_frame, car_model, car_seat, car_displacement, car_power, car_Fleet, nature, car_price)
        values (#{insuranceId}, #{userId}, #{carHost}, #{relationship}, #{carNumber}, #{carEngine}, #{carFrame}, #{carModel}, #{carSeat}, #{carDisplacement}, #{carPower}, #{carFleet}, #{nature}, #{carPrice})
    </insert>

    <!--通过主键修改数据-->
    <update id="update">
        update insurance.mark
        <set>
            <if test="insuranceId != null">
                insurance_id = #{insuranceId},
            </if>
            <if test="userId != null">
                user_id = #{userId},
            </if>
            <if test="carHost != null and carHost != ''">
                car_host = #{carHost},
            </if>
            <if test="relationship != null and relationship != ''">
                relationship = #{relationship},
            </if>
            <if test="carNumber != null and carNumber != ''">
                car_number = #{carNumber},
            </if>
            <if test="carEngine != null and carEngine != ''">
                car_engine = #{carEngine},
            </if>
            <if test="carFrame != null and carFrame != ''">
                car_frame = #{carFrame},
            </if>
            <if test="carModel != null and carModel != ''">
                car_model = #{carModel},
            </if>
            <if test="carSeat != null and carSeat != ''">
                car_seat = #{carSeat},
            </if>
            <if test="carDisplacement != null and carDisplacement != ''">
                car_displacement = #{carDisplacement},
            </if>
            <if test="carPower != null and carPower != ''">
                car_power = #{carPower},
            </if>
            <if test="carFleet != null">
                car_Fleet = #{carFleet},
            </if>
            <if test="nature != null and nature != ''">
                nature = #{nature},
            </if>
            <if test="carPrice != null">
                car_price = #{carPrice},
            </if>
        </set>
        where id = #{id}
    </update>

    <!--通过主键删除-->
    <delete id="deleteById">
        delete from insurance.mark where id = #{id}
    </delete>

</mapper>