<?xml version="1.0" encoding="UTF-8"?>
<!DOCTYPE mapper PUBLIC "-//mybatis.org//DTD Mapper 3.0//EN" "http://mybatis.org/dtd/mybatis-3-mapper.dtd">
<mapper namespace="com.insurance.demo.dao.UserDao">

    <resultMap type="com.insurance.demo.entity.User" id="UserMap">
        <result property="id" column="id" jdbcType="INTEGER"/>
        <result property="name" column="name" jdbcType="VARCHAR"/>
        <result property="password" column="password" jdbcType="VARCHAR"/>
        <result property="sex" column="sex" jdbcType="VARCHAR"/>
        <result property="hometown" column="hometown" jdbcType="VARCHAR"/>
        <result property="birthday" column="birthday" jdbcType="TIMESTAMP"/>
        <result property="address" column="address" jdbcType="VARCHAR"/>
        <result property="reserve" column="reserve" jdbcType="VARCHAR"/>
    </resultMap>

    <!--查询单个-->
    <select id="queryById" resultMap="UserMap">
        select
          id, name, password, sex, hometown, birthday, address, reserve
        from insurance.user
        where id = #{id}
    </select>

    <!--查询指定行数据-->
    <select id="queryAllByLimit" resultMap="UserMap">
        select
          id, name, password, sex, hometown, birthday, address, reserve
        from insurance.user
        limit #{offset}, #{limit}
    </select>

    <!--通过实体作为筛选条件查询-->
    <select id="queryAll" resultMap="UserMap">
        select
          id, name, password, sex, hometown, birthday, address, reserve
        from insurance.user
        <where>
            <if test="id != null">
                and id = #{id}
            </if>
            <if test="name != null and name != ''">
                and name = #{name}
            </if>
            <if test="password != null and password != ''">
                and password = #{password}
            </if>
            <if test="sex != null and sex != ''">
                and sex = #{sex}
            </if>
            <if test="hometown != null and hometown != ''">
                and hometown = #{hometown}
            </if>
            <if test="birthday != null">
                and birthday = #{birthday}
            </if>
            <if test="address != null and address != ''">
                and address = #{address}
            </if>
            <if test="reserve != null and reserve != ''">
                and reserve = #{reserve}
            </if>
        </where>
    </select>

    <!--新增所有列-->
    <insert id="insert" keyProperty="id" useGeneratedKeys="true">
        insert into insurance.user(name, password, sex, hometown, birthday, address, reserve)
        values (#{name}, #{password}, #{sex}, #{hometown}, #{birthday}, #{address}, #{reserve})
    </insert>

    <!--通过主键修改数据-->
    <update id="update">
        update insurance.user
        <set>
            <if test="name != null and name != ''">
                name = #{name},
            </if>
            <if test="password != null and password != ''">
                password = #{password},
            </if>
            <if test="sex != null and sex != ''">
                sex = #{sex},
            </if>
            <if test="hometown != null and hometown != ''">
                hometown = #{hometown},
            </if>
            <if test="birthday != null">
                birthday = #{birthday},
            </if>
            <if test="address != null and address != ''">
                address = #{address},
            </if>
            <if test="reserve != null and reserve != ''">
                reserve = #{reserve},
            </if>
        </set>
        where id = #{id}
    </update>

    <!--通过主键删除-->
    <delete id="deleteById">
        delete from insurance.user where id = #{id}
    </delete>

</mapper>