<?xml version="1.0" encoding="UTF-8"?>
<!DOCTYPE mapper PUBLIC "-//mybatis.org//DTD Mapper 3.0//EN" "http://mybatis.org/dtd/mybatis-3-mapper.dtd">
<mapper namespace="com.insurance.demo.dao.AdminDao">

    <resultMap type="com.insurance.demo.entity.Admin" id="AdminMap">
        <result property="id" column="id" jdbcType="INTEGER"/>
        <result property="name" column="name" jdbcType="VARCHAR"/>
        <result property="password" column="password" jdbcType="VARCHAR"/>
        <result property="admin" column="admin" jdbcType="INTEGER"/>
        <result property="reserve" column="reserve" jdbcType="VARCHAR"/>
    </resultMap>

    <!--查询单个-->
    <select id="queryById" resultMap="AdminMap">
        select
          id, name, password, admin, reserve
        from insurance.admin
        where id = #{id}
    </select>

    <!--查询指定行数据-->
    <select id="queryAllByLimit" resultMap="AdminMap">
        select
          id, name, password, admin, reserve
        from insurance.admin
        limit #{offset}, #{limit}
    </select>

    <!--查询指定行数据-->
    <select id="queryAllByLimit2" resultMap="AdminMap">
        select
          id, name, password, admin, reserve
        from insurance.admin
        where admin=2
        limit #{offset}, #{limit}
    </select>

    <!--查询指定行数据-->
    <select id="queryAllByLimit3" resultMap="AdminMap">
        select
          id, name, password, admin, reserve
        from insurance.admin
        where admin=3
        limit #{offset}, #{limit}
    </select>

    <!--通过实体作为筛选条件查询-->
    <select id="queryAll" resultMap="AdminMap">
        select
          id, name, password, admin, reserve
        from insurance.admin
        <where>
            <if test="id != null">
                and id = #{id}
            </if>
            <if test="name != null and name != ''">
                and name = #{name}
            </if>
            <if test="password != null and password != ''">
                and password = #{password}
            </if>
            <if test="admin != null">
                and admin = #{admin}
            </if>
            <if test="reserve != null and reserve != ''">
                and reserve = #{reserve}
            </if>
        </where>
    </select>

    <!--新增所有列-->
    <insert id="insert" keyProperty="id" useGeneratedKeys="true">
        insert into insurance.admin(name, password, admin, reserve)
        values (#{name}, #{password}, #{admin}, #{reserve})
    </insert>

    <!--通过主键修改数据-->
    <update id="update">
        update insurance.admin
        <set>
            <if test="name != null and name != ''">
                name = #{name},
            </if>
            <if test="password != null and password != ''">
                password = #{password},
            </if>
            <if test="admin != null">
                admin = #{admin},
            </if>
            <if test="reserve != null and reserve != ''">
                reserve = #{reserve},
            </if>
        </set>
        where id = #{id}
    </update>

    <!--通过主键删除-->
    <delete id="deleteById">
        delete from insurance.admin where id = #{id}
    </delete>

</mapper>