<?xml version="1.0" encoding="UTF-8"?>
<!DOCTYPE mapper PUBLIC "-//mybatis.org//DTD Mapper 3.0//EN" "http://mybatis.org/dtd/mybatis-3-mapper.dtd">
<mapper namespace="com.insurance.demo.dao.AdminDao">

    <resultMap type="com.insurance.demo.entity.Admin" id="AdminMap">
        <result property="id" column="id" jdbcType="INTEGER"/>
        <result property="name" column="name" jdbcType="VARCHAR"/>
        <result property="password" column="password" jdbcType="VARCHAR"/>
        <result property="admin" column="admin" jdbcType="INTEGER"/>
        <result property="reserve" column="reserve" jdbcType="VARCHAR"/>
    </resultMap>
    <resultMap type="com.insurance.demo.entity.Cases" id="CasesMap">
        <result property="id" column="id" jdbcType="INTEGER"/>
        <result property="userId" column="user_id" jdbcType="INTEGER"/>
        <result property="insId" column="ins_id" jdbcType="INTEGER"/>
        <result property="markId" column="mark_id" jdbcType="INTEGER"/>
        <result property="accidentTime" column="accident_time" jdbcType="VARCHAR"/>
        <result property="accidentAreaid" column="accident_areaid" jdbcType="VARCHAR"/>
        <result property="userName" column="user_name" jdbcType="VARCHAR"/>
        <result property="userPhone" column="user_phone" jdbcType="VARCHAR"/>
        <result property="carType" column="car_type" jdbcType="VARCHAR"/>
        <result property="details" column="details" jdbcType="VARCHAR"/>
        <result property="type" column="type" jdbcType="INTEGER"/>
        <result property="cause" column="cause" jdbcType="VARCHAR"/>
        <result property="reviewId" column="review_id" jdbcType="INTEGER"/>
        <result property="reviewName" column="review_name" jdbcType="VARCHAR"/>
        <result property="committee" column="committee" jdbcType="INTEGER"/>
        <result property="occurTime" column="occur_time" jdbcType="TIMESTAMP"/>
    </resultMap>

    <!--查询指定行数据-->
    <select id="queryType1" resultMap="CasesMap">
       select
          id, user_id, ins_id, mark_id, accident_time, accident_areaid, user_name, user_phone, car_type, details, type, cause, review_id, review_name, committee, occur_time
        from insurance.cases
        where type = 1 or type = 2 or type = 3
        limit #{offset}, #{limit}
    </select>
    <!--查询指定行数据-->
    <select id="queryType2" resultMap="CasesMap">
        select
          id, user_id, ins_id, mark_id, accident_time, accident_areaid, user_name, user_phone, car_type, details, type, cause, review_id, review_name, committee, occur_time
        from insurance.cases
        where type = 4 or type = 6 or type = 7
        limit #{offset}, #{limit}
    </select>
    <!--查询指定行数据-->
    <select id="queryType3" resultMap="CasesMap">
        select
          id, user_id, ins_id, mark_id, accident_time, accident_areaid, user_name, user_phone, car_type, details, type, cause, review_id, review_name, committee, occur_time
        from insurance.cases
        where type = 9 or type = 10
        limit #{offset}, #{limit}
    </select>
    <!--查询指定行数据-->
    <select id="queryType4" resultMap="CasesMap">
        select
          id, user_id, ins_id, mark_id, accident_time, accident_areaid, user_name, user_phone, car_type, details, type, cause, review_id, review_name, committee, occur_time
        from insurance.cases
        where type = 5 or type = 8
        limit #{offset}, #{limit}
    </select>

    <!--查询单个-->
    <select id="queryById" resultMap="AdminMap">
        select
          id, name, password, admin, reserve
        from insurance.admin
        where id = #{id}
    </select>

    <!--查询指定行数据-->
    <select id="queryAllByLimit" resultMap="AdminMap">
        select
          id, name, password, admin, reserve
        from insurance.admin
        limit #{offset}, #{limit}
    </select>

    <!--查询指定行数据-->
    <select id="queryAllByLimit2" resultMap="AdminMap">
        select
          id, name, password, admin, reserve
        from insurance.admin
        where admin=2
        limit #{offset}, #{limit}
    </select>

    <!--查询指定行数据-->
    <select id="queryAllByLimit3" resultMap="AdminMap">
        select
          id, name, password, admin, reserve
        from insurance.admin
        where admin=3
        limit #{offset}, #{limit}
    </select>

    <!--通过实体作为筛选条件查询-->
    <select id="queryAll" resultMap="AdminMap">
        select
        id, name, password, admin, reserve
        from insurance.admin
        <where>
            <if test="id != null">
                and id = #{id}
            </if>
            <if test="name != null and name != ''">
                and name = #{name}
            </if>
            <if test="password != null and password != ''">
                and password = #{password}
            </if>
            <if test="admin != null">
                and admin = #{admin}
            </if>
            <if test="reserve != null and reserve != ''">
                and reserve = #{reserve}
            </if>
        </where>
    </select>

    <!--新增所有列-->
    <insert id="insert" keyProperty="id" useGeneratedKeys="true">
        insert into insurance.admin(name, password, admin, reserve)
        values (#{name}, #{password}, #{admin}, #{reserve})
    </insert>

    <!--通过主键修改数据-->
    <update id="update">
        update insurance.admin
        <set>
            <if test="name != null and name != ''">
                name = #{name},
            </if>
            <if test="password != null and password != ''">
                password = #{password},
            </if>
            <if test="admin != null">
                admin = #{admin},
            </if>
            <if test="reserve != null and reserve != ''">
                reserve = #{reserve},
            </if>
        </set>
        where id = #{id}
    </update>

    <!--通过主键删除-->
    <delete id="deleteById">
        delete from insurance.admin where id = #{id}
    </delete>

</mapper>